{"AAPL": 204.6030782544613, "AMZN": 217.55514576017856, "BAC": 50.390825023800126, "GOOG": 212.79304374605417, "JPM": 286.49903196573257, "META": 748.2979941844941, "MSFT": 524.4985298156739, "NFLX": 1149.9744329571724, "NVDA": 181.03724539339544, "QQQ": 543.7267038583756, "SPY": 607.2373686945438, "TSLA": 319.24022627919913}