{"AAPL": 221.53999695107345, "AMZN": 233.8000122927129, "BAC": 55.81534010484814, "GOOG": 218.10069135010244, "JPM": 299.27916726469994, "META": 716.3101114809514, "MSFT": 515.1453955626488, "NFLX": 1194.3177791595463, "NVDA": 182.408666754365, "QQQ": 570.4233421325683, "SPY": 634.078110102415, "TSLA": 575.3608514659106}