{"AAPL": 201.52200910279515, "AMZN": 203.3508802426338, "BAC": 42.30954413266181, "GOOG": 181.00502369487765, "JPM": 268.93657491352974, "META": 675.0302358989072, "MSFT": 474.6736894410073, "NFLX": 1081.5056236795376, "NVDA": 163.75067595236422, "QQQ": 525.9408610236019, "SPY": 590.9375961304091, "TSLA": 283.37034270858766}