{"AAPL": 206.8184064555168, "AMZN": 206.21552121400833, "BAC": 28.372727935314177, "GOOG": 182.69247023522854, "JPM": 290.0591069698334, "META": 746.7184447169304, "MSFT": 515.3622248369454, "NFLX": 1189.4655998408796, "NVDA": 168.47649278104305, "QQQ": 549.5314585447311, "SPY": 617.679506778717, "TSLA": 320.7792032681406}