{"AAPL": 173.40096614426375, "AMZN": 261.6734048421979, "BAC": 14.188634080186485, "GOOG": 235.35979174543172, "JPM": 280.3490391696095, "META": 720.4260360619426, "MSFT": 497.65269957470895, "NFLX": 1129.8540443552436, "NVDA": 161.35205732972918, "QQQ": 540.3478532942831, "SPY": 598.9310330355548, "TSLA": 278.6770024947524}