{"AAPL": 230.8902257537842, "AMZN": 192.6387139764428, "BAC": 58.082942742109296, "GOOG": 215.78557737395167, "JPM": 289.0105418729782, "META": 726.6476706802846, "MSFT": 512.3403166198731, "NFLX": 1149.148401694298, "NVDA": 188.87825103871526, "QQQ": 544.9349759483338, "SPY": 585.7941015100479, "TSLA": 371.3475176751614}