{"AAPL": 209.43135455459353, "AMZN": 216.94019425719978, "BAC": 38.663590326309205, "GOOG": 184.20631020009517, "JPM": 295.47699371337893, "META": 756.9873747217655, "MSFT": 527.7056388628482, "NFLX": 1214.2165945971014, "NVDA": 174.1789930871129, "QQQ": 560.0669957256317, "SPY": 622.8242629051209, "TSLA": 307.7670326560736}